,Unnamed: 0,deprecated,reference_mass_ratio,reference_chi_eff,reference_chi1_perp,reference_chi2_perp,reference_eccentricity,reference_eccentricity_bound,reference_time,reference_dimensionless_spin1_x,reference_dimensionless_spin1_y,reference_dimensionless_spin1_z,reference_dimensionless_spin1_mag,reference_dimensionless_spin1,reference_dimensionless_spin2_x,reference_dimensionless_spin2_y,reference_dimensionless_spin2_z,reference_dimensionless_spin2_mag,reference_dimensionless_spin2,reference_mean_anomaly,reference_orbital_frequency_x,reference_orbital_frequency_y,reference_orbital_frequency_z,reference_orbital_frequency_mag,reference_orbital_frequency,reference_separation,reference_position1,reference_position2,reference_mass1,reference_mass2,reference_chi1_mag,reference_chi2_mag,relaxation_time,common_horizon_time,remnant_mass,remnant_dimensionless_spin_x,remnant_dimensionless_spin_y,remnant_dimensionless_spin_z,remnant_dimensionless_spin_mag,remnant_dimensionless_spin,remnant_velocity_x,remnant_velocity_y,remnant_velocity_z,remnant_velocity_mag,remnant_velocity,EOS,disk_mass,ejecta_mass,object_types,initial_data_type,initial_separation,initial_orbital_frequency,initial_adot,initial_ADM_energy,initial_ADM_linear_momentum_x,initial_ADM_linear_momentum_y,initial_ADM_linear_momentum_z,initial_ADM_linear_momentum_mag,initial_ADM_linear_momentum,initial_ADM_angular_momentum_x,initial_ADM_angular_momentum_y,initial_ADM_angular_momentum_z,initial_ADM_angular_momentum_mag,initial_ADM_angular_momentum,initial_mass1,initial_mass2,initial_mass_ratio,initial_dimensionless_spin1_x,initial_dimensionless_spin1_y,initial_dimensionless_spin1_z,initial_dimensionless_spin1_mag,initial_dimensionless_spin1,initial_dimensionless_spin2_x,initial_dimensionless_spin2_y,initial_dimensionless_spin2_z,initial_dimensionless_spin2_mag,initial_dimensionless_spin2,initial_position1,initial_position2,number_of_orbits,number_of_orbits_from_start,number_of_orbits_from_reference_time,DOI_versions,keywords,date_link_earliest,date_run_earliest,date_run_latest,date_postprocessing,gw_eccentricity_ref_time,gw_eccentricity_ecc,gw_eccentricity_mean_anomaly,gw_eccentricity_omega_gw_average
0,SXS:BBH:0078,False,1.4995069439159705,0.0002080200411832,0.4944227839900889,2.983648857068195e-08,0.0282831827428201,0.0282831827428201,1114.0,0.3754574522557898,0.3211151349623079,0.0192556762793465,0.4944229054415308,"[0.3754574522557898, 0.3211151349623079, 0.019255676279346576]",-4.084875236625234e-09,-5.4093526917087665e-09,2.952021680452118e-07,2.952799812395611e-07,"[-4.084875236625234e-09, -5.4093526917087665e-09, 2.952021680452118e-07]",0.878198568441956,0.000594315112711,-0.0015829298581174,0.0150824226809374,0.0151769019010921,"[0.0005943151127110911, -0.0015829298581174463, 0.015082422680937468]",15.54331013111412,[-6.20726004 -0.64272329  0.23505268],[ 9.24669216  0.96220609 -0.20546188],0.5998032091761806,0.4000002878344739,0.4944229054415308,2.952799812395611e-07,1114.0,6970.584291491852,0.9540592398052266,0.094991534662201,-0.0050469768441413,0.6756798428311812,0.6823431055129928,"[0.09499153466220102, -0.005046976844141347, 0.6756798428311812]",-0.0002693554196489,-0.0001620175761601,-0.0033514427502411,0.003366150701502,"[-0.0002693554196489399, -0.0001620175761601307, -0.003351442750241114]",,,,BHBH,BBH_CFMS,16.1,0.0144271160663,-3.64128099e-05,0.9938011516528904,3.4108226e-09,-1.9428796e-09,6.52097549595e-05,6.52097550776456e-05,"[3.4108226e-09, -1.9428796e-09, 6.52097549595e-05]",0.1802055597689369,-0.0005094778199115,1.099575747068348,1.114244644088631,"[0.1802055597689369, -0.0005094778199115, 1.099575747068348]",0.599999999862941,0.400000000058028,1.4999999994397477,0.499999999835157,-3.03675e-11,-7.0172e-12,0.499999999835157,"[0.499999999835157, -3.03675e-11, -7.0172e-12]",1.9900761e-09,-3.50645e-11,1.11065417e-08,1.1283479114917984e-08,"[1.9900761e-09, -3.50645e-11, 1.11065417e-08]",[6.42772146e+00 5.64407509e-03 0.00000000e+00],[-9.67227854e+00  5.64407509e-03  0.00000000e+00],23.20943290638927,23.20943290638927,20.699018433838063,"['', 'v1.1', 'v1.2', 'v1.3', 'v1.4', 'v1.5', 'v2.0', 'v3.0']","['Precessing-Spins', 'ManyMergers-Eccentric']",2013-02-24 20:08:12,2013-02-28 13:29:49,2013-03-10 23:37:56,2025-01-28 01:11:08.843494,-5111.334057884382,0.020317507736703377,3.141592653589793,0.030727068538762302
1,SXS:BBH:0082,False,1.5006295763576645,-0.0002282971409225,0.4993081476498677,3.658915271662122e-08,0.0291669848548974,0.0291669848548974,1057.0,0.3521978300772178,0.3530412834647821,0.0250461944737759,0.4993082927402464,"[0.3521978300772178, 0.3530412834647821, 0.025046194473775932]",-4.03199750353479e-09,-7.771935154727382e-09,3.2060796541348786e-07,3.207274972098495e-07,"[-4.03199750353479e-09, -7.771935154727382e-09, 3.2060796541348786e-07]",4.426627767848714,0.0007637569398424,-0.0018772917752512,0.0154843353080088,0.0156164076856181,"[0.0007637569398424018, -0.0018772917752512986, 0.015484335308008865]",15.081534197283124,[-4.64540201 -3.8772937  -0.19179749],[6.90691138 5.79910615 0.41153912],0.6002522944629648,0.400000309150177,0.4993082927402464,3.207274972098495e-07,1057.0,5469.907590133242,0.9548353161579384,0.0978285847052503,0.0110448501550964,0.6776090260198898,0.6847236032473283,"[0.09782858470525037, 0.011044850155096406, 0.6776090260198898]",8.400090165562035e-05,-0.0003222159963968,0.0010371848060617,0.0010893262237449,"[8.400090165562035e-05, -0.0003222159963968894, 0.0010371848060617733]",,,,BHBH,BBH_CFMS,15.9,0.0144271160663,-3.64128099e-05,0.993443819630026,4.7584101e-09,-3.9355914e-09,6.45137536918e-05,6.451375398732881e-05,"[4.7584101e-09, -3.9355914e-09, 6.45137536918e-05]",0.1801974414109782,-0.0004989035167178,1.0747671075639753,1.0897686462259848,"[0.1801974414109782, -0.0004989035167178, 1.0747671075639753]",0.600000000032793,0.399999999990344,1.5000000001181923,0.500000000001586,3.15535e-11,4.9122e-12,0.500000000001586,"[0.500000000001586, 3.15535e-11, 4.9122e-12]",-2.485963e-10,-2.63364e-11,6.5988997e-09,6.603633164932675e-09,"[-2.485963e-10, -2.63364e-11, 6.5988997e-09]",[6.34719248e+00 5.75736269e-03 0.00000000e+00],[-9.55280752e+00  5.75736269e-03  0.00000000e+00],19.767479842121443,19.767479842121443,17.163299574046388,"['', 'v1.1', 'v1.2', 'v1.3', 'v1.4', 'v1.5', 'v2.0', 'v3.0']","['Precessing-Spins', 'ManyMergers-Eccentric']",2012-08-07 19:02:51,2012-08-17 06:35:23,2012-08-23 02:40:56,2025-01-28 01:10:55.147684,-3989.2409479224316,0.020384398896478802,3.141592653589796,0.033544422661486654
2,SXS:BBH:0088,False,1.000459234692664,-0.0001014843716098,0.4995056464153837,8.566427917979948e-08,0.0742237321401833,0.0742237321401833,291.0,0.4917301578947365,0.0877879855658178,0.0008083423421052,0.4995056876655448,"[0.49173015789473656, 0.08778798556581786, 0.000808342342105292]",6.721768108819059e-08,5.1681836385468495e-08,7.974938597728581e-08,1.164010026881304e-07,"[6.721768108819059e-08, 5.1681836385468495e-08, 7.974938597728581e-08]",1.4085396917574386,1.7444123096075496e-05,-0.0002332319488136,0.0117632557657435,0.0117655806337671,"[1.7444123096075496e-05, -0.00023323194881361915, 0.011763255765743552]",18.548420795995465,[-8.4370143  -3.85425038 -0.06707762],[8.43120506 3.85877288 0.06083528],0.5002295156379741,0.4999998983383287,0.4995056876655448,1.164010026881304e-07,291.0,11515.311570149444,0.9511158945579622,0.0679909813142535,0.0102400228179321,0.6913594450854048,0.6947701158773208,"[0.06799098131425355, 0.010240022817932192, 0.6913594450854048]",-0.0003968900904798,-6.051188488813243e-06,-0.0020760099965097,0.0021136167737818,"[-0.00039689009047989983, -6.051188488813243e-06, -0.0020760099965097746]",,,,BHBH,BBH_CFMS,19.0,0.0112537003369,-0.0006333621,0.994269834931534,-7.136807e-09,-1.7710961e-09,6.06399075254e-05,6.063990797123508e-05,"[-7.136807e-09, -1.7710961e-09, 6.06399075254e-05]",0.1251764294807293,-0.0006669061919188,1.2076651679503283,1.214135388308037,"[0.1251764294807293, -0.0006669061919188, 1.2076651679503285]",0.499999999979666,0.499999999993996,0.99999999997134,0.500000000004795,4.8487e-12,2.113e-13,0.500000000004795,"[0.500000000004795, 4.8487e-12, 2.113e-13]",4.212307e-10,-6.436e-12,4.9295927e-09,4.947561107516691e-09,"[4.212307e-10, -6.436e-12, 4.9295927e-09]",[9.49306317e+00 1.26379552e-03 0.00000000e+00],[-9.50693683e+00  1.26379552e-03  0.00000000e+00],31.874569920784893,31.874569920784893,31.30721542415848,"['', 'v1.1', 'v1.2', 'v1.3', 'v1.4', 'v1.5', 'v2.0', 'v3.0']","['Precessing-Spins', 'ManyMergers-Eccentric']",2012-08-07 19:02:51,2012-08-17 05:30:56,2012-08-28 00:04:06,2025-01-28 02:05:54.241782,-9755.704302812917,0.05800448682836157,3.141592653589811,0.024006244555522027
3,SXS:BBH:0094,False,1.5006794668426129,-5.7498023480226577e-05,0.4995159037086974,3.2100410441835766e-08,0.0174488133570119,0.0174488133570119,1087.0,0.3657575413533839,0.3394604071428567,0.0224544027067667,0.4995159129350976,"[0.3657575413533839, 0.3394604071428567, 0.02245440270676676]",-3.0807702669353493e-09,-5.306838913479129e-09,2.9426239474252337e-07,2.9432636756549e-07,"[-3.0807702669353497e-09, -5.306838913479129e-09, 2.9426239474252337e-07]",5.732278110031936,0.0006743367310485,-0.0017501163704574,0.0154072828849859,0.0155210181120622,"[0.0006743367310485444, -0.0017501163704574415, 0.015407282884985942]",15.241103091314448,[-5.53193944e+00 -2.62051909e+00 -2.79816904e-03],[8.23344626 3.92055362 0.13772844],0.6002722502417592,0.4000003088632345,0.4995159129350976,2.9432636756549e-07,1087.0,6172.569084958257,0.9546907386950813,0.0946859610028587,0.0023587556696972,0.6781926957703319,0.6847746545657003,"[0.09468596100285871, 0.0023587556696972917, 0.6781926957703319]",-1.7257975044449373e-05,0.0003269929691511,0.0004001063366963,0.0005170177175315,"[-1.7257975044449373e-05, 0.0003269929691511986, 0.00040010633669633515]",,,,BHBH,BBH_CFMS,16.0,0.0144243499907769,-0.0002018319,0.99362360668954,9.2595767e-09,-4.877037e-10,6.49837923576e-05,6.498379301913121e-05,"[9.2595767e-09, -4.877037e-10, 6.49837923576e-05]",0.1802029644876442,-0.0005037753428063,1.087088110117992,1.101922829130806,"[0.1802029644876442, -0.0005037753428063, 1.0870881101179921]",0.600000000099731,0.39999999996131,1.500000000394415,0.500000000109403,-3.85305e-11,-2.789e-13,0.500000000109403,"[0.500000000109403, -3.85305e-11, -2.789e-13]",1.4261965e-09,-1.71964e-11,1.15644815e-08,1.1652105583825932e-08,"[1.4261965e-09, -1.71964e-11, 1.15644815e-08]",[6.38736717e+00 6.06930329e-03 0.00000000e+00],[-9.61263283e+00  6.06930329e-03  0.00000000e+00],21.41867998628782,21.41867998628782,18.854429003864745,"['', 'v1.1', 'v1.2', 'v1.3', 'v1.4', 'v1.5', 'v2.0', 'v3.0']","['Precessing-Spins', 'ManyMergers-Eccentric']",2012-08-07 19:02:51,2012-08-19 02:33:26,2012-08-25 15:08:14,2025-01-28 01:09:18.402136,-4757.672656540304,0.01230212565465804,3.141592653589788,0.03153600452401071
4,SXS:BBH:0097,False,1.500678585151477,-0.0001883065266976,0.4995170303050107,3.6995274448791834e-08,0.04628153331779,0.04628153331779,1064.0,0.3427626439849616,0.3623775827067683,0.0267136593609315,0.4995171289920037,"[0.3427626439849616, 0.36237758270676834, 0.026713659360931525]",-4.908389101426661e-09,-8.865180973700965e-09,3.1069097857184977e-07,3.108561852098187e-07,"[-4.90838910142666e-09, -8.865180973700965e-09, 3.1069097857184977e-07]",4.880712838564172,0.0008474195862204,-0.0019637474327011,0.0155806499143442,0.0157267630390968,"[0.0008474195862204476, -0.001963747432701134, 0.015580649914344201]",14.986455285177597,[-3.18521495 -5.08069202 -0.41784361],[4.72195174 7.59633421 0.74987339],0.6002718902233031,0.4000003039709613,0.4995171289920037,3.108561852098187e-07,1064.0,5263.960607805115,0.9547346792071651,0.0996535897899143,0.013138304848602,0.6774709445882392,0.6848870956395604,"[0.09965358978991436, 0.013138304848602008, 0.6774709445882392]",5.619588736559029e-05,0.0002179770969516,-0.0005660879895389,0.0006092024330652,"[5.619588736559029e-05, 0.0002179770969516687, -0.0005660879895389856]",,,,BHBH,BBH_CFMS,16.0,0.014215621990777,-5e-05,0.9933902229833184,4.134527e-09,2.60792e-11,6.39191559072e-05,6.391915604092356e-05,"[4.134527e-09, 2.60792e-11, 6.39191559072e-05]",0.1801961084375008,-0.0004978162584545,1.0709429404426056,1.0859970842506443,"[0.1801961084375008, -0.0004978162584545, 1.0709429404426056]",0.600000000190701,0.399999999941035,1.500000000697871,0.500000000173208,-3.6751e-12,4.0843e-12,0.500000000173208,"[0.500000000173208, -3.6751e-12, 4.0843e-12]",4.6113624e-09,2.82435e-11,7.9420688e-09,9.183785586747952e-09,"[4.6113624e-09, 2.82435e-11, 7.9420688e-09]",[6.38694235e+00 5.79862880e-03 0.00000000e+00],[-9.61305765e+00  5.79862880e-03  0.00000000e+00],19.239222332320796,19.239222332320796,16.584841009416312,"['', 'v1.1', 'v1.2', 'v1.3', 'v1.4', 'v1.5', 'v2.0', 'v3.0']","['Precessing-Spins', 'ManyMergers-Eccentric']",2012-08-07 19:02:51,2012-08-19 03:27:35,2012-08-25 11:08:37,2025-01-28 01:09:26.713627,-4275.719283780407,0.03502144577446131,3.1415926535919425,0.03271065526678285
5,SXS:BBH:0098,False,1.50067556639793,7.229196442156216e-05,0.4995237015185694,1.930750141991016e-08,0.0251860188253329,0.0251860188253329,1242.0,0.3926025875939836,0.308368450751878,0.0172060936842105,0.4995237160180434,"[0.39260258759398364, 0.308368450751878, 0.01720609368421054]",-2.823787563901202e-09,1.3990580413842161e-09,1.6395655864120355e-07,1.6398684173151094e-07,"[-2.823787563901202e-09, 1.399058041384216e-09, 1.6395655864120352e-07]",4.363006139970008,0.0004294860767406,-0.0012525345255264,0.0127377030021991,0.0128063413510644,"[0.0004294860767406747, -0.0012525345255264754, 0.012737703002199128]",17.33286735176079,[-6.75973818 -1.63969854  0.12672091],[10.08216353  2.45313382 -0.03868949],0.6002705182393132,0.4000001943658894,0.4995237160180434,1.6398684173151094e-07,1242.0,9054.18647424991,0.9545477914045166,0.1086738466437175,-0.0163731021330753,0.675022325299987,0.6839102448941702,"[0.10867384664371758, -0.016373102133075357, 0.675022325299987]",-0.0003653031684358,2.1410052267419424e-05,-0.0015649550897789,0.001607168077157,"[-0.0003653031684358795, 2.1410052267419424e-05, -0.001564955089778992]",,,,BHBH,BBH_CFMS,18.0,0.0120906804188991,-2.96021e-05,0.9941591398296612,-1.22165945e-08,2.2630074e-09,6.01770784156e-05,6.017707969820117e-05,"[-1.22165945e-08, 2.2630074e-09, 6.01770784156e-05]",0.1801731513893165,-0.0005180461986036,1.127669860391705,1.1419728310644124,"[0.1801731513893165, -0.0005180461986036, 1.127669860391705]",0.600000000213458,0.399999999943429,1.5000000007457863,0.500000000152336,1.0533e-10,1.1081e-11,0.500000000152336,"[0.500000000152336, 1.0533e-10, 1.1081e-11]",-9.5552213e-09,-1.548783e-10,3.4918572e-09,1.0174443871041621e-08,"[-9.5552213e-09, -1.548783e-10, 3.4918572e-09]",[7.18629707e+00 5.42513178e-03 0.00000000e+00],[-1.08137029e+01  5.42513178e-03  0.00000000e+00],27.52772612351273,27.52772612351273,24.994645183045304,"['', 'v1.1', 'v1.2', 'v1.3', 'v1.4', 'v1.5', 'v2.0', 'v3.0']","['Precessing-Spins', 'ManyMergers-Eccentric']",2012-08-07 19:02:51,2012-08-19 04:10:41,2012-08-25 15:10:22,2025-01-28 01:10:47.892336,-7310.5371185282365,0.01924291652071869,3.141592653589798,0.027091601956950304
6,SXS:BBH:0147,False,0.9999999966407676,-0.0009148998722511,0.4994322622848564,0.4994322589419031,0.0532643532739641,0.0532643532739641,170.0,0.4681616234963908,0.1739461954035389,-0.000914900097531,0.4994331002770351,"[0.46816162349639084, 0.17394619540353895, -0.0009149000975310241]",-0.4681616201913272,-0.1739461947053477,-0.0009148996469712,0.499433096934918,"[-0.4681616201913272, -0.17394619470534772, -0.0009148996469712825]",4.101293339852251,2.5110785059713217e-11,-1.4373331672085109e-12,0.0254566166118113,0.0254566166118113,"[2.5110785059713217e-11, -1.4373331672085107e-12, 0.02545661661181137]",11.491630553763445,[-1.6141273  -5.51443457 -0.01731761],[ 1.61412608  5.51443449 -0.01731761],0.500242863882824,0.500242865563256,0.4994331002770351,0.499433096934918,170.0,1172.2021396134662,0.950706292809496,3.623341115942569e-09,9.40420973612785e-10,0.6812173322615707,0.6812173322615707,"[3.6233411159425695e-09, 9.404209736127853e-10, 0.6812173322615707]",-3.233928330120211e-09,-1.4267750714581011e-09,0.006282021094291,0.006282021094292,"[-3.233928330120211e-09, -1.4267750714581011e-09, 0.006282021094291034]",,,,BHBH,BBH_CFMS,10.4,0.0266793,0.0,0.9908092052381906,-3.1784791e-09,-1.1348076e-09,0.0001732733682008,0.0001732733682336,"[-3.1784791e-09, -1.1348076e-09, 0.0001732733682008]",4.73944253e-08,-2.46119507e-08,0.984401993088684,0.9844019930886856,"[4.73944253e-08, -2.46119507e-08, 0.9844019930886841]",0.499999999756287,0.500000000248928,0.999999999014718,0.49999999985399,3.3529e-12,-8.352e-13,0.49999999985399,"[0.49999999985399, 3.3529e-12, -8.352e-13]",-0.500000000150018,3.3876e-12,9.297e-13,0.500000000150018,"[-0.500000000150018, 3.3876e-12, 9.297e-13]",[5.19999997e+00 1.37092916e-07 0.00000000e+00],[-5.20000003e+00  1.37092916e-07  0.00000000e+00],7.118419407835563,7.118419407835563,6.4152073375133,"['', 'v1.1', 'v1.2', 'v1.3', 'v1.4', 'v1.5', 'v2.0', 'v3.0']","['Precessing-Spins', 'ManyMergers-Eccentric', 'FairchildGoals']",,,,2025-01-28 02:29:27.041975,,,,
7,SXS:BBH:0179,False,1.5002933815807664,0.6523745894273669,0.0176262634404527,0.1374926594578289,0.0381981514100516,0.0381981514100516,1021.5,-0.0038000265868438,-0.0064041122880841,0.9905823470074204,0.9906103366404918,"[-0.0038000265868438584, -0.006404112288084125, 0.9905823470074203]",0.0725669255095064,0.115395984268945,0.1462620971118761,0.1999369723559521,"[0.07256692550950646, 0.11539598426894507, 0.14626209711187615]",0.1318874004257146,0.0001873178501944,-0.0002764456012975,0.0169977139176903,0.0170009937525758,"[0.00018731785019441405, -0.0002764456012975189, 0.016997713917690387]",14.950779500357086,[-5.70952988 -2.92591606 -0.08258572],[ 7.667177    3.75150966 -0.12139982],0.6001273034074625,0.400006632552858,0.9906103366404918,0.1999369723559521,1021.5,6093.736792522675,0.9215634927307952,0.0120211001861894,-0.0013368784873747,0.8968383185792951,0.8969198758896547,"[0.012021100186189456, -0.0013368784873747984, 0.8968383185792951]",-0.0001428817412895,0.0002333525370326,0.0032228768389574,0.0032344711650626,"[-0.0001428817412895184, 0.00023335253703261435, 0.003222876838957434]",,,,BHBH,BBH_SKS,15.366,0.0145,0.0,0.9930085634902724,-6.48993919e-08,-9.346596959e-07,-0.0001009361812672,0.000100940529469,"[-6.48993919e-08, -9.346596959e-07, -0.0001009361812672]",0.0228463278184012,-0.0012280349891774,1.419639995973427,1.4198243486192763,"[0.0228463278184012, -0.0012280349891774, 1.419639995973427]",0.599987734320917,0.400000032764143,1.499969212939278,1.29515e-11,-4.4747e-12,0.990996935962264,0.990996935962264,"[1.29515e-11, -4.4747e-12, 0.990996935962264]",0.141421050137807,-3.371336e-10,0.141421042374122,0.1999995616201779,"[0.141421050137807, -3.371336e-10, 0.141421042374122]",[ 5.73485232 -0.23387676  0.        ],[-9.63114768 -0.23387676  0.        ],23.750787576805173,23.750787576805173,21.179162371396597,"['', 'v1.1', 'v1.2', 'v1.3', 'v1.4', 'v1.5', 'v2.0', 'v3.0']",[],2014-08-15 23:44:43,2014-09-16 13:39:50,2014-10-25 03:25:46,2025-01-28 02:32:34.458655,-4796.23009201923,0.027700203323583972,3.141592653589799,0.033468626942554036
8,SXS:BBH:1160,False,3.000173731654786,0.224674461204583,0.5994004405197723,0.5705182274856149,0.0382687686066532,0.0382687686066532,1064.5,0.24960539730129,0.5077676143588631,0.4121172013781923,0.6999795655770384,"[0.24960539730129008, 0.5077676143588631, 0.41211720137819235]",0.3920125015099593,-0.3464899784634053,-0.2937787378151159,0.6000292103788861,"[0.39201250150995937, -0.3464899784634053, -0.29377873781511593]",2.5933998060039887,0.0023069626463594,-0.002620173225086,0.0173900255098402,0.0177369775219468,"[0.002306962646359442, -0.002620173225086087, 0.01739002550984022]",14.402584758794296,[ 3.24294901 -1.42039698 -0.6498417 ],[-9.77047523  4.18959242  1.92178349],0.7500065184914791,0.2499876959051311,0.6999795655770384,0.6000292103788861,1064.5,5540.599567406726,0.9630270893766611,0.1709851024711,0.0994028962370628,0.7357751614173673,0.7618936469128232,"[0.1709851024711, 0.09940289623706282, 0.7357751614173673]",-0.0003138907431696,0.0001147879622902,-0.0006609556385217,0.0007406524360508,"[-0.0003138907431696248, 0.0001147879622902948, -0.0006609556385217211]",,,,BHBH,BBH_SKS,14.0669555664,0.0172487792969,-1.98164423316e-05,0.9942662368205863,-1.94374428e-08,-5.50265041e-08,-4.7036575e-09,5.8547884077461724e-08,"[-1.94374428e-08, -5.50265041e-08, -4.7036575e-09]",0.2684809110264169,0.1356005751506415,1.0052249767561396,1.0492601057226665,"[0.2684809110264169, 0.1356005751506415, 1.0052249767561396]",0.7499999951493023,0.2499999969641689,3.0000000170271823,0.5169221649835181,0.2823958724182085,0.3782115961441905,0.6999999749057315,"[0.5169221649835181, 0.2823958724182085, 0.3782115961441905]",-0.3566139158886747,-0.4128951505908205,-0.2496881419162049,0.6000000488336963,"[-0.3566139158886747, -0.4128951505908205, -0.2496881419162049]",[3.51096061 0.02900495 0.02040768],[-10.55599496   0.02900495   0.02040768],22.362203212694293,22.362203212694293,19.431118284200004,"['', 'v1.2', 'v1.3', 'v1.4', 'v1.5', 'v2.0', 'v3.0']",[],2016-05-17 20:45:52,2016-05-24 14:23:29,2016-09-11 16:27:26,2025-01-28 16:35:06.922979,-3952.4229619875914,0.024646360639858922,3.141592653589793,0.03741314685731807
9,SXS:BBH:1388,False,2.999771458314545,0.4219604088806334,0.573644891627181,0.3549064107369038,0.0623471912622558,0.0623471912622558,1089.0,0.253351620966887,0.4958514108472325,0.4243921506613861,0.7001173923198428,"[0.253351620966887, 0.49585141084723255, 0.4243921506613861]",-0.2108332485245211,0.0779483737826051,0.5562650785406524,0.5999645366707882,"[-0.21083324852452118, 0.07794837378260519, 0.5562650785406524]",3.675246202351964,0.0035971607076655,-0.0021660497645027,0.0163274461936817,0.0168587317419385,"[0.0035971607076655614, -0.0021660497645027837, 0.01632744619368171]",14.74215217086578,[ 3.58776682  0.21026422 -0.75414876],[-10.80528111  -0.73694801   2.29117731],0.7499507724897111,0.2500026361711833,0.7001173923198428,0.5999645366707882,1089.0,5759.926149065433,0.9577231038064518,0.1992776816965441,0.1173107336433979,0.7489678404588955,0.7838534484787083,"[0.19927768169654414, 0.11731073364339793, 0.7489678404588955]",-2.2660784940978125e-05,0.0005156644129338,0.0022235826404624,0.0022827052058701,"[-2.2660784940978125e-05, 0.0005156644129338443, 0.0022235826404624444]",,,,BHBH,BBH_SKS,13.7188110352,0.0177822265625,-1.81287621961e-05,0.9942216378616352,1.75023398e-08,-1.771892441e-07,-5.1169864e-09,1.7812507873127198e-07,"[1.75023398e-08, -1.771892441e-07, -5.1169864e-09]",0.3009636486857311,0.1708068119962869,1.0460427092686009,1.1017982730375635,"[0.3009636486857311, 0.1708068119962869, 1.0460427092686009]",0.7499999919705038,0.2499999973303493,2.9999999999178235,0.5169221683527025,0.2823958696770732,0.3782116108671293,0.699999984242742,"[0.5169221683527025, 0.2823958696770732, 0.3782116108671293]",0.1554208455991759,0.2420536114530012,0.526549551002304,0.6000000164374426,"[0.1554208455991759, 0.2420536114530012, 0.526549551002304]",[3.43267656 0.02949757 0.01478384],[-10.28613447   0.02949757   0.01478384],23.599624910470204,23.599624910470204,20.59508871402293,"['', 'v1.2', 'v1.3', 'v1.4', 'v1.5', 'v2.0', 'v3.0']",[],2016-05-17 20:45:52,2016-05-24 14:18:59,2017-01-07 17:04:56,2025-01-28 16:34:00.279400,-4620.699452740968,0.04532367888577937,3.1415926535955805,0.03600336188682718
10,SXS:BBH:3710,False,1.0517023846940292,0.2743281062155868,0.6342660113884215,0.8941303128650896,0.1389874214606473,0.1389874214606473,540.0,0.273490085964687,0.5690586963688263,0.178888463121657,0.6562207778423268,"[0.27349008596468705, 0.5690586963688263, 0.178888463121657]",-0.1641166174199526,-0.881249180681361,0.3805098368808745,0.9738183190554832,"[-0.1641166174199526, -0.881249180681361, 0.3805098368808745]",1.5719097182783202,-0.0008244202219036,2.3893701021021376e-05,0.0203183178128362,0.0203350504881264,"[-0.000824420221903622, 2.3893701021021376e-05, 0.020318317812836228]",13.46419374265244,[-5.68590391 -3.26541464 -0.23925417],[5.97855488 3.44340927 0.22614445],0.5126944134155803,0.4874900170210586,0.6562207778423268,0.9738183190554832,540.0,3679.032870217826,0.9418949600755476,-0.0170716148443455,-0.0278175966796153,0.7612560779244903,0.7619554284178315,"[-0.01707161484434556, -0.027817596679615374, 0.7612560779244903]",2.541480672596832e-05,-0.0010017676339035,0.0052337594994582,0.0053288294026838,"[2.5414806725968316e-05, -0.0010017676339035997, 0.005233759499458285]",,,,BHBH,BBH_SKS,12.6978759765625,0.02,-9.62011534526e-05,0.9923461625827688,2.8965435e-09,7.008633e-09,4.6187966e-09,8.879424689035479e-09,"[2.8965435e-09, 7.008633e-09, 4.6187966e-09]",-0.0166663535297154,-0.0555907618736243,1.1920224750960573,1.1934344059393454,"[-0.0166663535297154, -0.0555907618736243, 1.1920224750960573]",0.5126705653996624,0.4873294341863373,1.0520000013043245,0.5590000002650297,0.2960000000509652,0.1750000000512126,0.6562941416349829,"[0.5590000002650297, 0.2960000000509652, 0.1750000000512126]",-0.6869999990197414,-0.5939999992167302,0.3530000021538236,0.9743787760636002,"[-0.6869999990197414, -0.5939999992167302, 0.3530000021538236]",[ 6.19561103e+00 -5.93675733e-04  4.11465667e-02],[-6.50226495e+00 -5.93675733e-04  4.11465667e-02],15.764683543719384,15.764683543719384,14.18367125447988,"['', 'v2.0', 'v3.0']",[],2022-01-11 18:04:32,2022-01-18 18:19:14,2022-03-11 20:01:22,2025-01-28 18:14:59.376362,-2577.908919095867,0.09652548928776206,3.141592653589953,0.0393991261427038
11,SXS:BBH:3711,False,1.372304557213066,0.2073265194868384,0.7204865196305492,0.1349266359114924,0.1200535285072285,0.1200535285072285,1257.5,0.1051210547604103,-0.5780563598893103,0.7443175311793662,0.948265879689535,"[0.10512105476041035, -0.5780563598893103, 0.7443175311793662]",-0.0458245658915595,-0.0484400389268534,-0.3731392916771799,0.3790504705230327,"[-0.04582456589155953, -0.04844003892685343, -0.3731392916771799]",5.7670387440332505,-0.0055860850754184,0.0029886554366372,0.0223607912874887,0.0232409422096305,"[-0.005586085075418496, 0.00298865543663726, 0.0223607912874887]",12.396190675727809,[ 0.68676021 -5.07699181  0.87058241],[-0.9598493   7.04033666 -1.16032159],0.5785421568026539,0.4215843733533769,0.948265879689535,0.3790504705230327,1257.5,3628.297072186231,0.9402698021966232,-0.1258878810852784,-0.0434889208048006,0.7836530237702788,0.7948906254958656,"[-0.12588788108527843, -0.04348892080480066, 0.7836530237702788]",0.0005737427766481,0.0010709644904513,-0.0062424786499081,0.0063596136209775,"[0.0005737427766481516, 0.0010709644904513484, -0.006242478649908158]",,,,BHBH,BBH_SKS,12.6985473632812,0.02,-9.414623708e-05,0.9924185062714496,-1.73808e-10,2.5180569e-09,4.205761e-10,2.558848183928234e-09,"[-1.73808e-10, 2.5180569e-09, 4.205761e-10]",-0.2153251590872997,-0.0760412078767713,1.1748315140123349,1.196819232694664,"[-0.2153251590872997, -0.0760412078767713, 1.1748315140123349]",0.5784148369671895,0.4215851588545972,1.371999997672314,-0.6650000740402037,-0.2800000306266439,0.6159999104050571,0.9487259906018366,"[-0.6650000740402037, -0.2800000306266439, 0.6159999104050571]",0.0469999996498529,0.0489999996997921,-0.3729999986159801,0.3791292641107871,"[0.0469999996498529, 0.0489999996997921, -0.3729999986159801]",[ 5.32607661  0.01559089 -0.02595978],[-7.37247075  0.01559089 -0.02595978],15.697243099498335,15.697243099498335,11.928558706397103,"['', 'v2.0', 'v3.0']",[],2022-02-12 00:50:09,2022-02-25 12:46:30,2022-03-27 10:51:35,2025-01-28 18:16:39.213951,-2555.006191526583,0.07815133915752881,3.141592653591033,0.03993608882953481
12,SXS:BBH:3712,False,1.251934976874296,0.3045035096246496,0.3316771912946964,0.3559032457057998,0.0729492512891657,0.0729492512891657,487.0,0.1601048821355417,-0.2901582397342958,-0.0357642701615378,0.3333233571016713,"[0.16010488213554178, -0.29015823973429583, -0.035764270161537846]",-0.0460801460412948,0.343070238239257,0.731836656422993,0.8095711580269603,"[-0.04608014604129484, 0.34307023823925703, 0.731836656422993]",1.491689071344835,-0.0002087950302054,-0.0003094008920959,0.0210811814340912,0.0210844856454631,"[-0.000208795030205426, -0.0003094008920959295, 0.02108118143409128]",13.081723021257666,[-5.81739069 -0.09183645 -0.07384334],[7.26124391 0.15925416 0.05937697],0.5559767897890482,0.444093982562221,0.3333233571016713,0.8095711580269603,487.0,3174.5537341102886,0.9440223042912244,0.026943010000606,-0.0256713813956184,0.753760999950474,0.7546791309271712,"[0.02694301000060609, -0.025671381395618423, 0.753760999950474]",-0.0005817260512149,0.0002811792165125,0.0005058144190528,0.0008205578449947,"[-0.0005817260512149147, 0.0002811792165125321, 0.0005058144190528421]",,,,BHBH,BBH_SKS,12.6753540039062,0.02,-9.39747599536e-05,0.9919247759755984,2.221122e-10,-6.5162454e-09,-1.2702335e-09,6.6426110142723434e-09,"[2.221122e-10, -6.5162454e-09, -1.2702335e-09]",0.032114406213269,-0.0359316683772015,1.1634369405168583,1.1644345986091396,"[0.032114406213269, -0.0359316683772015, 1.1634369405168583]",0.555950277853834,0.444049733536044,1.252000025823024,-0.0159999962939797,-0.3310000180498325,-0.0359999994756822,0.3333361843434431,"[-0.0159999962939797, -0.3310000180498325, -0.0359999994756822]",0.188000043080512,0.2910000617967031,0.7319999441677086,0.8098450286477579,"[0.188000043080512, 0.2910000617967031, 0.7319999441677086]",[ 5.65287099  0.00626327 -0.00629906],[-7.02248302e+00  6.26327099e-03 -6.29905804e-03],14.486951176562489,14.486951176562489,12.985904722580855,"['', 'v2.0', 'v3.0']",[],2022-01-11 18:04:32,2022-01-18 18:12:45,2022-01-24 20:04:12,2025-01-28 18:15:49.752618,-2151.0440743392865,0.04714587143170945,3.1415926535894414,0.04271377694878087
13,SXS:BBH:3713,False,1.991960128212151,0.4749521213436917,0.8301026027073715,0.3277777081697166,0.0730450469647703,0.0730450469647703,1444.0,0.5991516472178849,-0.3484148908049091,0.5942871792347899,0.912991174054462,"[0.5991516472178849, -0.3484148908049091, 0.5942871792347899]",-0.5367129189011546,-0.1204538173689693,0.49558098670888,0.7403853009220952,"[-0.5367129189011546, -0.1204538173689693, 0.49558098670888]",1.629411560473045,-0.0075491767143231,-0.0024886347793073,0.0197963640927487,0.0213325901714145,"[-0.0075491767143231825, -0.0024886347793073357, 0.019796364092748785]",12.720848148910576,[-0.98232711 -4.01434985 -0.90416104],[1.93669255 8.08363895 1.72984138],0.6658075502229381,0.3342474283461296,0.912991174054462,0.7403853009220952,1444.0,3578.8010265355183,0.9395406167429882,-0.0663417961914776,-0.1812294434179973,0.8018444737681856,0.8247423265457443,"[-0.06634179619147762, -0.18122944341799732, 0.8018444737681856]",0.0004463411411925,0.0034986399442125,-0.0104030987260039,0.010984724164791,"[0.00044634114119259006, 0.0034986399442125467, -0.010403098726003928]",,,,BHBH,BBH_SKS,12.6282348632812,0.02,-8.26565084907e-05,0.9926501423475804,-3.1014035e-09,-1.17596468e-08,-8.256905e-10,1.2189740002656036e-08,"[-3.1014035e-09, -1.17596468e-08, -8.256905e-10]",-0.1275789807313193,-0.2722515510037454,1.166018069938227,1.2041575655913372,"[-0.1275789807313193, -0.2722515510037454, 1.166018069938227]",0.6657753942927689,0.334224609249729,1.99199991822059,-0.3109999819810612,-0.7559999390936875,0.4070001477854914,0.9131845470655378,"[-0.3109999819810612, -0.7559999390936875, 0.4070001477854914]",0.0950000012498762,0.4090000019784882,0.6100000121344563,0.7405444055962591,"[0.0950000012498762, 0.4090000019784882, 0.6100000121344563]",[ 4.22425764  0.02413627 -0.01462141],[-8.40397722  0.02413627 -0.01462141],16.711544434004686,16.711544434004686,12.014497147919474,"['', 'v2.0', 'v3.0']",[],2022-02-12 00:50:09,2022-02-25 12:07:12,2022-03-26 19:42:24,2025-01-28 18:15:05.037538,-2559.6366194900293,0.049492724057301984,3.1415926535864855,0.04246687294042317
14,SXS:BBH:3714,False,5.318890925828322,-0.0022168627873535,0.6234398208175378,0.0854710260670294,0.0569500923638669,0.0569500923638669,1198.0,0.5029422796779194,0.3804011504969635,-0.0199331278542425,0.6309146547458614,"[0.5029422796779194, 0.3804011504969635, -0.01993312785424252]",0.1286061755940941,-0.2608121544210878,0.4168513790572218,0.5082593831073028,"[0.12860617559409412, -0.2608121544210878, 0.4168513790572218]",1.4904439740211508,0.0031467750131369,-0.0084942060818766,0.0188386570248627,0.0209033185988517,"[0.0031467750131369153, -0.0084942060818766, 0.01883865702486273]",12.918695498900917,[-0.23613476 -1.86350193 -0.80347671],[1.21927687 9.92777455 4.27001018],0.8417318730859861,0.158253268364382,0.6309146547458614,0.5082593831073028,1198.0,4793.352885384182,0.98222464704122,0.3686770374225422,0.0092335771401193,0.4134733954705356,0.5540471691394147,"[0.36867703742254226, 0.009233577140119313, 0.4134733954705356]",0.0005551044838762,-0.0004560423151481,0.0016764579336494,0.0018239042695606,"[0.000555104483876285, -0.00045604231514810974, 0.001676457933649476]",,,,BHBH,BBH_SKS,12.6646728515625,0.02,-5.65746894688e-05,0.9956826146747734,7.83094998e-08,4.1958915e-09,8.3289738e-09,7.886288777978562e-08,"[7.83094998e-08, 4.1958915e-09, 8.3289738e-09]",0.4351808480202024,0.0364292044202598,0.5074518578875736,0.6694899890900728,"[0.4351808480202024, 0.0364292044202598, 0.5074518578875736]",0.8417470942616055,0.1582528876575519,5.318999904021258,0.6209999868982293,0.0559999983924389,-0.0959999987893703,0.6308668507023596,"[0.6209999868982293, 0.0559999983924389, -0.0959999987893703]",-0.2030000011198208,-0.0679999987838452,0.4609999986945512,0.5082853520274083,"[-0.2030000011198208, -0.0679999987838452, 0.4609999986945512]",[2.02029952 0.03031046 0.0171735 ],[-10.64437333   0.03031046   0.0171735 ],20.78670716806201,20.78670716806201,17.05514565170704,"['', 'v2.0', 'v3.0']",[],2022-01-11 18:04:32,2022-01-18 18:14:38,2022-02-17 20:39:30,2025-01-28 18:15:03.994439,-3720.3277052029375,0.04037030762586369,3.1415926535901235,0.040744652230529255
15,SXS:BBH:3715,False,2.2938210675323853,-0.1339266855580017,0.871042243690662,0.4443216643942906,0.0355716446738948,0.0355716446738948,1227.0,0.6399075262825048,-0.559482402194394,0.1981895136269681,0.8728008271478084,"[0.6399075262825048, -0.559482402194394, 0.1981895136269681]",-0.2496947596097535,-0.0187762654146686,-0.4830972928251381,0.5441351077209335,"[-0.24969475960975354, -0.018776265414668626, -0.48309729282513814]",0.0509245287313078,-0.0109782178362997,-0.0024861529600051,0.0216176212227083,0.0243726028714678,"[-0.010978217836299762, -0.002486152960005112, 0.02161762122270832]",11.897195509322929,[1.51084719 3.11278764 1.12204873],[-3.39176108 -7.08964644 -2.54101448],0.6963748122369952,0.3035872423066248,0.8728008271478084,0.5441351077209335,1227.0,2774.80205708272,0.9624243921389264,-0.1192461577183005,-0.2804654460044127,0.6023249031522147,0.6750376296847137,"[-0.11924615771830059, -0.2804654460044127, 0.6023249031522147]",-0.0010024246595839,-0.0010971688432589,0.0054845646239196,0.0056823484390444,"[-0.0010024246595839118, -0.001097168843258941, 0.005484564623919671]",,,,BHBH,BBH_SKS,12.7605590820312,0.02,-8.87698223912e-05,0.9930429588728245,-4.8238166e-09,3.8805361e-09,1.175401e-09,6.3015342992512365e-09,"[-4.8238166e-09, 3.8805361e-09, 1.175401e-09]",-0.1259392884896869,-0.359311057898929,0.8374582240854122,0.9199464211583348,"[-0.1259392884896869, -0.359311057898929, 0.8374582240854122]",0.6964177448537467,0.3035822800623822,2.2939999815227754,-0.3350000053634146,-0.8040000083922751,-0.0540000586677997,0.8726723459720677,"[-0.3350000053634146, -0.8040000083922751, -0.0540000586677997]",0.3949999950817196,0.1889999989527409,-0.3229999976121684,0.5441277370031373,"[0.3949999950817196, 0.1889999989527409, -0.3229999976121684]",[ 3.8806588   0.02694095 -0.02055807],[-8.87990028  0.02694095 -0.02055807],12.747841621959696,12.747841621959696,8.58799997037001,"['', 'v2.0', 'v3.0']",[],2022-02-12 00:50:09,2022-02-25 13:27:11,2022-03-14 02:23:56,2025-01-28 18:15:54.315597,-1742.9094355267173,0.019016641825926252,3.1415926535897927,0.04554958579954246
16,SXS:BBH:3716,False,4.85362395885568,0.2713484836182225,0.6704360778065585,0.5291386249625224,0.0472264425472997,0.0472264425472997,1205.5,0.6030478920880689,0.2243267591669548,0.3730213854591603,0.7437299301763266,"[0.6030478920880689, 0.22432675916695485, 0.37302138545916036]",-0.519099457399456,-0.0773648111071345,0.0721241754888232,0.5297654739221827,"[-0.519099457399456, -0.07736481110713458, 0.07212417548882324]",1.7584590779443978,0.0030679843868692,-0.0094316000658941,0.0199100209073045,0.0222435730162749,"[0.0030679843868692933, -0.00943160006589417, 0.019910020907304583]",12.439560384643755,[ 1.24893581 -1.39233936 -0.88092287],[-6.4009804   6.96406155  4.25639242],0.8292416895983347,0.1708500074640808,0.7437299301763266,0.5297654739221827,1205.5,4836.713763364916,0.973940618081632,0.3839321256462326,-0.0590287434912632,0.6391939034532985,0.747968659686525,"[0.3839321256462326, -0.05902874349126327, 0.6391939034532985]",0.0019949247827764,0.000268163575758,0.0018854317560886,0.0027579864936519,"[0.0019949247827764933, 0.000268163575758007, 0.001885431756088669]",,,,BHBH,BBH_SKS,12.61669921875,0.02,-5.62438740184e-05,0.9952732174507756,-2.4592097e-09,-3.81474648e-08,2.1820223e-09,3.8288875725640086e-08,"[-2.4592097e-09, -3.81474648e-08, 2.1820223e-09]",0.4721206679519293,-0.1026416315441345,0.7812377266618731,0.918567153338954,"[0.4721206679519293, -0.1026416315441345, 0.7812377266618731]",0.8291766347850997,0.1708233683975417,4.854000026831413,0.6710000047394855,-0.1640000006033307,0.2760000063112453,0.7438501260617555,"[0.6710000047394855, -0.1640000006033307, 0.2760000063112453]",0.3539999946863873,0.3449999976140165,0.1909999971027788,0.5299264038382077,"[0.3539999946863873, 0.3449999976140165, 0.1909999971027788]",[2.15908963 0.03058994 0.01597679],[-10.45760958   0.03058994   0.01597679],22.173058629107803,22.173058629107803,18.318466801538044,"['', 'v2.0', 'v3.0']",[],2022-01-11 18:04:32,2022-01-18 18:17:48,2022-02-16 02:37:34,2025-01-28 18:15:13.429556,-3417.611894105371,0.0292067370647473,3.14159265358785,0.04332082845033369
17,SXS:BBH:3717,False,2.3979909459492386,0.4558629089119159,0.7416927247766966,0.6796568921994173,0.0957698063507361,0.0957698063507361,1218.5,-0.5998371747506837,0.090327767679078,0.6548430714512786,0.8926271282313306,"[-0.5998371747506837, 0.09032776767907807, 0.6548430714512786]",-0.1351911378207418,0.7142993914222017,0.2482201250069368,0.7681884500497608,"[-0.1351911378207418, 0.7142993914222017, 0.2482201250069368]",2.113290769126348,0.0053295561986466,0.0048642981914312,0.0211851817993689,0.0223802925370069,"[0.005329556198646685, 0.004864298191431224, 0.021185181799368943]",12.586506369718547,[-2.15544445 -2.78640741  1.20547265],[ 5.1761601   6.62743366 -2.8004372 ],0.7057701419901191,0.2943172672033345,0.8926271282313306,0.7681884500497608,1218.5,4381.292640097681,0.9429537147414012,-0.0578199412880914,0.1868468405006134,0.8223439375587888,0.845283644142789,"[-0.05781994128809146, 0.18684684050061345, 0.8223439375587888]",0.000598450368077,-0.0005553115035903,-0.0060196543322555,0.0060747635335801,"[0.0005984503680770131, -0.0005553115035903021, -0.006019654332255578]",,,,BHBH,BBH_SKS,12.6245727539062,0.02,-7.72952672645e-05,0.9933936824778054,5.1840768e-09,1.80000022e-08,-7.928506e-10,1.8748422428093078e-08,"[5.1840768e-09, 1.80000022e-08, -7.928506e-10]",-0.0915974532385843,0.2819808101120387,1.168409019821098,1.2054388861781984,"[-0.0915974532385843, 0.2819808101120387, 1.1684090198210981]",0.7057092318355251,0.2942907554756778,2.39800000069608,-0.3170000005013799,0.6030000131762349,0.577000002548856,0.8927636972624917,"[-0.3170000005013799, 0.6030000131762349, 0.577000002548856]",0.7529999914170322,-0.0479999992299423,0.1459999952899662,0.7685239004902809,"[0.7529999914170322, -0.0479999992299423, 0.1459999952899662]",[ 3.70853808  0.02825178 -0.02265026],[-8.91603468  0.02825178 -0.02265026],19.432404354062943,19.432404354062943,15.795612212726708,"['', 'v2.0', 'v3.0']",[],2022-02-12 00:50:09,2022-02-25 17:39:38,2022-04-12 18:41:54,2025-01-28 18:14:14.807217,-3336.6637181518126,0.07096717699020148,3.1415926535897927,0.03926796318230146
18,SXS:BBH:3718,False,1.1877686445632007,0.2456119608446184,0.2594369328304647,0.8905600528963843,0.1239691800104116,0.1239691800104116,507.0,-0.2381012471125267,-0.0609774672055769,0.3634156128153418,0.4387269800471566,"[-0.23810124711252673, -0.06097746720557695, 0.3634156128153418]",0.633342146356874,0.6242336189107796,0.1265788943226292,0.8982271994425017,"[0.633342146356874, 0.6242336189107796, 0.1265788943226292]",1.3564463282004464,0.0010707638918706,-0.0013831047366246,0.0204842178912311,0.020558762040552,"[0.001070763891870664, -0.0013831047366246586, 0.020484217891231157]",13.402009170102604,[-5.90395202  1.52829259  0.41762308],[ 7.04331842 -1.81351252 -0.48480514],0.5429909983954424,0.4571521574347723,0.4387269800471566,0.8982271994425017,507.0,3749.403919303042,0.9427093285740292,0.0796035064319696,0.0058796931151854,0.7661413552663366,0.7702881702822214,"[0.07960350643196969, 0.0058796931151854775, 0.7661413552663366]",0.0005852404601481,-0.0002123512586007,-0.0006732535848374,0.0009169895543135,"[0.0005852404601481378, -0.00021235125860074534, -0.0006732535848374167]",,,,BHBH,BBH_SKS,12.6973266601562,0.02,-9.56484771499e-05,0.9923503627433908,-1.85400623e-08,-2.23841216e-08,-1.6175773e-09,2.911012480586339e-08,"[-1.85400623e-08, -2.23841216e-08, -1.6175773e-09]",0.1175029015760599,0.0284872906561641,1.1833254894534169,1.1894863057630762,"[0.1175029015760599, 0.0284872906561641, 1.1833254894534169]",0.5429616071491702,0.457038403118351,1.1879999655271185,-0.2360000064817268,0.0770000012330609,0.3620000038022465,0.4389407773288931,"[-0.2360000064817268, 0.0770000012330609, 0.3620000038022465]",0.886000002014109,0.1170000026838338,0.0949999705354227,0.8987268765307675,"[0.886000002014109, 0.1170000026838338, 0.0949999705354227]",[ 5.79783965e+00  3.09933749e-03 -3.34725258e-02],[-6.89948701e+00  3.09933749e-03 -3.34725258e-02],15.95092172024507,15.95092172024507,14.49335384711153,"['', 'v2.0', 'v3.0']",[],2022-01-11 18:04:32,2022-01-18 18:24:21,2022-02-06 00:45:35,2025-01-28 18:13:51.087862,-2665.013489406849,0.0868734147900625,3.1415926535901235,0.03905357019099043
19,SXS:BBH:3722,False,3.817251264183365,0.3335513434342345,0.898127616865022,0.7176134579374158,0.1521582408971445,0.1521582408971445,342.5,0.8546314259641352,0.0348351586727527,0.421775183860598,0.953678493123279,"[0.8546314259641352, 0.03483515867275278, 0.421775183860598]",0.5204683331445294,-0.5863920332872223,0.2156843192385181,0.8131805630205082,"[0.5204683331445294, -0.5863920332872223, 0.21568431923851814]",0.116917351082578,-0.0022335480385901,-0.0124076301426516,0.0309961734184892,0.0334619304462038,"[-0.0022335480385901425, -0.012407630142651636, 0.030996173418489217]",9.586378460726795,[-1.35531807 -1.31553795 -0.6501999 ],[5.09339606 5.09709924 2.381437  ],0.7926022457645311,0.2076369070072453,0.953678493123279,0.8131805630205082,342.5,1471.30754463701,0.9603270685968716,0.436825901091334,-0.1821180496123086,0.6999271089862129,0.8449152677947329,"[0.436825901091334, -0.18211804961230865, 0.6999271089862129]",0.0028766136871857,-0.0026738618761485,0.0055785077402644,0.0068223304116859,"[0.002876613687185707, -0.0026738618761485322, 0.00557850774026441]",,,,BHBH,BBH_SKS,9.407,0.03,-0.000198,0.993239735052653,7.9609465e-09,5.0432421e-09,3.9775058e-09,1.0228954611499082e-08,"[7.9609465e-09, 5.0432421e-09, 3.9775058e-09]",0.5037166261156991,-0.2145529574370644,0.848588058314419,1.0098837080001883,"[0.5037166261156991, -0.2145529574370644, 0.848588058314419]",0.7924019347127589,0.2075980817550585,3.8170002729008874,0.829999985425508,-0.3029999899902389,0.3600000282104067,0.9541011424644256,"[0.829999985425508, -0.3029999899902389, 0.3600000282104067]",-0.4089999781382996,-0.6819999880207568,0.1710000060850046,0.813416232846698,"[-0.4089999781382996, -0.6819999880207568, 0.1710000060850046]",[1.9552601  0.03570087 0.03343758],[-7.4517399   0.03570087  0.03343758],9.975051955087094,9.975051955087094,8.350220244778168,"['', 'v2.0', 'v3.0']",[],2022-01-15 21:49:17,2022-03-04 17:23:06,2022-07-16 03:33:22,2025-01-28 18:15:26.418029,,,,
20,SXS:BBH:3725,False,1.8051363376120235,-0.1766508958526219,0.9601212596456744,0.2909713538147238,0.1480840907243372,0.1480840907243372,337.0,0.9255419370992612,-0.240595194626456,0.1468296383028181,0.9675085879158548,"[0.9255419370992612, -0.24059519462645607, 0.1468296383028181]",-0.0225113364030921,0.469428431061492,-0.6076427804954977,0.7681793806421823,"[-0.0225113364030921, 0.469428431061492, -0.6076427804954977]",1.29677638480658,-0.0032537753753572,-0.0096073002213808,0.0322223590931474,0.0337811737105856,"[-0.0032537753753572505, -0.009607300221380864, 0.032222359093147405]",9.748605635708223,[-3.37558766 -0.59263788 -0.55867945],[6.1059767  1.13087261 0.91263316],0.6436461442793456,0.356563729214388,0.9675085879158548,0.7681793806421823,337.0,1004.746568448705,0.9575591461941876,0.1957165796502209,-0.2094008709853089,0.6626158477044934,0.7219511520515302,"[0.19571657965022096, -0.2094008709853089, 0.6626158477044934]",-0.0022127915135809,0.000670901395582,-0.0049324168773016,0.0054475032094216,"[-0.0022127915135809867, 0.0006709013955820047, -0.0049324168773016]",,,,BHBH,BBH_SKS,9.597,0.03,-0.00031,0.9911517779286808,6.7504741e-09,-7.353396e-09,4.4701263e-09,1.0937246566002733e-08,"[6.7504741e-09, -7.353396e-09, 4.4701263e-09]",0.2988841434189063,-0.2785319522879724,0.8471574973682716,0.9405251750909572,"[0.2988841434189063, -0.2785319522879724, 0.8471574973682716]",0.6434938412096839,0.3565062434204686,1.8050002014992428,0.6129999750023893,-0.7469999661080677,0.0590000204036457,0.9681213359522736,"[0.6129999750023893, -0.7469999661080677, 0.0590000204036457]",0.3379999914572652,0.3039999961182634,-0.6199999940609813,0.768804256297162,"[0.3379999914572652, 0.3039999961182634, -0.6199999940609813]",[3.41918039 0.02489332 0.01744607],[-6.17781961  0.02489332  0.01744607],6.34307712787273,6.34307712787273,4.815552471872282,"['', 'v2.0', 'v3.0']",[],2022-01-15 21:49:17,2022-06-07 17:16:50,2022-07-04 18:04:03,2025-01-28 18:16:06.877004,,,,
21,SXS:BBH:3726,False,1.228915795902446,0.2937017168819954,0.8563209289652648,0.3719535516182085,0.2702887918406405,0.2702887918406405,364.5,-0.7421380314831754,-0.4340325216098282,-0.0553102533094525,0.861517447130274,"[-0.7421380314831754, -0.43403252160982825, -0.05531025330945253]",-0.0404395285168072,-0.1912931885330574,0.8331692272624259,0.8558033656762946,"[-0.040439528516807224, -0.19129318853305746, 0.8331692272624259]",3.3276450005601745,-0.0024271458694614,0.0071979649328779,0.0316002078230045,0.0325003826239578,"[-0.0024271458694614667, 0.007197964932877992, 0.031600207823004565]",9.97032302554027,[-4.24240573 -1.49348227  0.0420244 ],[ 5.14095349e+00  1.87663760e+00 -4.91272970e-03],0.5514553660319329,0.4487332393892581,0.861517447130274,0.8558033656762946,364.5,1379.4658588163918,0.9375493093553056,-0.2304874898789311,0.0225011332905486,0.7470886582398963,0.782158709764673,"[-0.23048748987893117, 0.022501133290548606, 0.7470886582398963]",-0.0018308711964946,0.0009915306720873,0.0073294814578577,0.0076194829780586,"[-0.001830871196494638, 0.000991530672087305, 0.007329481457857794]",,,,BHBH,BBH_SKS,9.462,0.03,-0.000289,0.9905722247573332,-3.86638787e-08,-3.8823479e-08,-7.78173e-11,5.47920075679285e-08,"[-3.86638787e-08, -3.8823479e-08, -7.78173e-11]",-0.315268326520386,0.0440983611469425,1.0766292857351114,1.1227062848605185,"[-0.315268326520386, 0.0440983611469425, 1.0766292857351114]",0.5513683147883266,0.4486316839681646,1.2289999447017486,-0.8370000370417915,0.1640000083007939,-0.1250000326284084,0.8620267239985799,"[-0.8370000370417915, 0.1640000083007939, -0.1250000326284084]",-0.2859999862359452,-0.0889999964485947,0.8019999733770338,0.8561080240200845,"[-0.2859999862359452, -0.0889999964485947, 0.8019999733770338]",[ 4.27980171  0.01013745 -0.02238092],[-5.18219829  0.01013745 -0.02238092],8.439590487882814,8.439590487882814,6.888811935535543,"['', 'v2.0', 'v3.0']",[],2021-07-21 19:36:21,2022-01-11 18:34:14,2022-02-08 03:23:22,2025-01-28 18:14:53.938003,,,,
22,SXS:BBH:3727,False,1.1548237361200056,-0.0775712809682789,0.7003640544246217,0.8253779233254659,0.1772160827801021,0.1772160827801021,343.0,0.1403612360758969,0.7087160475751119,-0.0590433262110496,0.724890217242105,"[0.14036123607589693, 0.7087160475751119, -0.05904332621104961]",0.3375180326478175,0.7395865014808102,0.1507301923851902,0.8268169122795893,"[0.3375180326478175, 0.7395865014808102, 0.1507301923851902]",0.919028262932609,0.0076865773100079,-0.0078812505193193,0.0325852153201346,0.0343946774654239,"[0.007686577310007981, -0.00788125051931938, 0.032585215320134676]",9.6956980738739,[-4.36436199 -0.71249979  0.86001304],[ 5.02734016  0.84311337 -0.97916056],0.535998208798836,0.4641385451598795,0.724890217242105,0.8268169122795893,343.0,1060.5727250586212,0.9485049316690752,0.2744395531769633,0.0684793289086069,0.6743261188478825,0.731247018042599,"[0.27443955317696334, 0.06847932890860695, 0.6743261188478825]",-0.0001065805469519,-1.3146501644340946e-06,0.0001096871847556,0.00015294580672,"[-0.00010658054695190812, -1.3146501644340946e-06, 0.00010968718475566978]",,,,BHBH,BBH_SKS,9.571,0.03,-0.000323,0.990449995158978,7.658804e-09,-2.3463118e-09,2.7283049e-09,8.462039080540767e-09,"[7.658804e-09, -2.3463118e-09, 2.7283049e-09]",0.3528862408130134,0.1071696787863638,0.9310342520510844,1.001418402816043,"[0.3528862408130134, 0.1071696787863638, 0.9310342520510845]",0.5359628785040633,0.4640371243015148,1.154999999861679,0.6060000029622459,0.3650000015810658,-0.1590000009991409,0.7250806886561983,"[0.6060000029622459, 0.3650000015810658, -0.1590000009991409]",0.8100000019639585,0.1680000014839106,0.0109999957650365,0.8273119143267776,"[0.8100000019639585, 0.1680000014839106, 0.0109999957650365]",[ 4.45027608e+00  4.91338810e-03 -3.50769678e-03],[-5.12072392e+00  4.91338810e-03 -3.50769678e-03],6.589361148952316,6.589361148952316,5.073124938065376,"['', 'v2.0', 'v3.0']",[],2022-01-15 21:49:17,2022-03-30 23:00:34,2022-04-20 23:13:20,2025-01-28 18:16:12.887924,,,,
23,SXS:BBH:3730,False,1.047581478859873,0.1256214042931502,0.4271691643979113,0.9167664963605724,0.1797905348011557,0.1797905348011557,300.0,0.2463000563343861,-0.3144851920185456,0.1738202184662496,0.4356353085975906,"[0.24630005633438615, -0.31448519201854563, 0.1738202184662496]",-0.5886908705225463,-0.7022466389372568,0.1699182759087905,0.9319761281401382,"[-0.5886908705225463, -0.7022466389372568, 0.16991827590879058]",0.4100574543359299,-0.0054390340664426,0.0044768787482527,0.031842123943655,0.0326120589988668,"[-0.005439034066442672, 0.004476878748252729, 0.03184212394365507]",9.96616627005398,[-1.33914804  4.59152533 -0.85207388],[ 1.4050484  -4.82030534  0.93993606],0.51173188610817,0.4884888635727976,0.4356353085975906,0.9319761281401382,300.0,1138.0651440417255,0.9448664594385172,-0.1728062935113808,-0.0934359615277759,0.733744553179069,0.7595876271396955,"[-0.17280629351138083, -0.09343596152777595, 0.733744553179069]",-0.0003289964313215,0.0005334655338495,0.0024074606492125,0.0024877079621882,"[-0.0003289964313215818, 0.0005334655338495193, 0.0024074606492125988]",,,,BHBH,BBH_SKS,9.521,0.03,-0.000308,0.9902847824900884,-5.4659977e-09,-7.919222e-09,-5.439311e-10,9.637793781941824e-09,"[-5.4659977e-09, -7.919222e-09, -5.439311e-10]",-0.2237535063749823,-0.1176356860736544,1.0299870455610531,1.0605550906373065,"[-0.2237535063749823, -0.1176356860736544, 1.0299870455610531]",0.5117187492721242,0.4882812560393166,1.0479999855471012,-0.0119999988726218,-0.4109999968183523,0.1439999951105081,0.4356615612484705,"[-0.0119999988726218, -0.4109999968183523, 0.1439999951105081]",-0.9110000093211972,-0.1660000008327959,0.1129999390936068,0.932869767703332,"[-0.9110000093211972, -0.1660000008327959, 0.1129999390936068]",[ 4.64948933e+00 -3.55767130e-03  3.11744978e-02],[-4.87151067e+00 -3.55767130e-03  3.11744978e-02],7.187920651647492,7.187920651647492,5.895009881394669,"['', 'v2.0', 'v3.0']",[],2021-07-21 19:36:21,2022-01-11 18:31:13,2022-02-14 14:13:07,2025-01-28 18:14:44.067495,,,,
24,SXS:BBH:3974,False,1.000015410420586,-0.0002386863111974,0.7999421455927777,2.7462830443888933e-06,0.0693972330617969,0.0693972330617969,391.5,0.2982949643443046,-0.7421877012031781,0.0092273560883304,0.7999422564603078,"[0.2982949643443046, -0.7421877012031781, 0.009227356088330488]",1.432382348808699e-06,-7.202292961685356e-07,-5.625462596360162e-05,5.6277467886685874e-05,"[1.432382348808699e-06, -7.202292961685356e-07, -5.625462596360162e-05]",2.204959949172429,-0.0010381649532065,-0.0002144272995227,0.0156002155806308,0.0156361917262165,"[-0.0010381649532065977, -0.00021442729952274441, 0.015600215580630844]",15.742019047997063,[7.84896832 0.40045856 0.54545717],[-7.83717845 -0.40149864 -0.50944936],0.5000144752683964,0.5000067699537755,0.7999422564603078,5.6277467886685874e-05,391.5,4672.295378993991,0.9503673702644264,-0.0067419641431992,-0.1056004280730998,0.7002246072397185,0.7081746995436565,"[-0.006741964143199229, -0.1056004280730998, 0.7002246072397185]",0.0002244128041054,-0.0005850231729087,0.0031463743673551,0.0032081591106172,"[0.0002244128041054427, -0.0005850231729087359, 0.0031463743673551866]",,,,BHBH,BBH_SKS,16.0337322054454,0.0141745284587833,-2.8968171585e-06,0.9926834071645174,6.98896e-11,5.7243e-10,4.47241e-11,5.784124014999765e-10,"[6.98896e-11, 5.7243e-10, 4.47241e-11]",-0.0001650780652246,-0.1911150600322494,1.107023624978796,1.1233994390612327,"[-0.0001650780652246, -0.1911150600322494, 1.1070236249787961]",0.5000000002652484,0.4999999999604024,1.000000000609692,2.216718e-10,-0.800000000615778,-1.18613e-11,0.800000000615778,"[2.216718e-10, -0.800000000615778, -1.18613e-11]",-4.6451817e-09,1.059342832e-07,-3.572466468e-07,3.726510656364312e-07,"[-4.6451817e-09, 1.059342832e-07, -3.572466468e-07]",[ 8.01757387e+00  1.33805829e-03 -9.63348102e-04],[-8.01615834e+00  1.33805829e-03 -9.63348102e-04],17.69150672228334,17.69150672228334,16.684505938051224,"['', 'v3.0']",[],2024-04-20 10:31:50,2024-04-20 16:16:46,2024-04-23 06:40:29,2025-01-29 21:50:17.700044,-3708.0873506869184,0.05022274983507014,3.1415926535897922,0.03393270527238189
25,SXS:BBH:4286,False,4.0002042395937245,-0.0005716246087626,0.9498358031065052,0.4996174664062862,0.1026078749469284,0.1026078749469284,1182.5,0.7216248840037338,0.6133572546419223,0.0724716406142625,0.9498430047795272,"[0.7216248840037338, 0.6133572546419223, 0.07247164061426252]",0.16927544230264,0.4597174843464535,0.0996741575469837,0.4999292734610438,"[0.16927544230264, 0.45971748434645354, 0.09967415754698376]",4.468940046982354,0.0023642211835142,-0.0042433333022653,0.013084023818062,0.0139566148685956,"[0.0023642211835142577, -0.004243333302265325, 0.013084023818062049]",16.824752394097764,[-2.96690057 -1.57884414  0.00807568],[11.81660184  6.45333778 -0.05828346],0.8000638161442153,0.2000057417631937,0.9498430047795272,0.4999292734610438,1182.5,10993.055476556849,0.9721396119532796,0.4743773480676098,0.1255409752186261,0.5886052071096765,0.7663227092127226,"[0.47437734806760984, 0.12554097521862614, 0.5886052071096765]",0.0007457934177688,-0.000506142341705,0.0023254212295438,0.0024939871264437,"[0.0007457934177688776, -0.0005061423417050464, 0.00232542122954386]",,,,BHBH,BBH_SSphKS,16.7836303711,0.013156512116,0.0001072004935659,0.9958390918400206,-4.2330625e-09,-1.259139121e-07,1.613667e-09,1.2599538086629338e-07,"[-4.2330625e-09, -1.259139121e-07, 1.613667e-09]",0.5953307312807096,0.1855292652599806,0.7394463698315876,0.9672748946045512,"[0.5953307312807096, 0.1855292652599806, 0.7394463698315876]",0.8000000061309522,0.2000000013198669,4.000000004257423,0.8973567623370509,0.3118122712773752,0.0036067726946086,0.9499942422143728,"[0.8973567623370509, 0.3118122712773752, 0.0036067726946086]",0.4997818377131622,-0.0115270164969601,-0.0090901307073887,0.499997387886721,"[0.4997818377131622, -0.0115270164969601, -0.0090901307073887]",[3.36424101 0.03079311 0.02379086],[-13.41938936   0.03079311   0.02379086],35.36277508131208,35.36277508131208,32.78575337638697,"['', 'v3.0']",[],2023-11-15 20:47:26,2023-12-29 00:22:57,2024-11-21 02:29:27,2025-02-03 03:21:22.389019,-9329.304443076693,0.002120979501938347,3.141592653589793,0.028449869815525147
26,SXS:BBH:4290,False,12.002392879673158,0.0250682553028196,0.7992964657171179,7.620065047444405e-06,0.1028290696888871,0.1028290696888871,330.0,-0.668860290140927,0.4369465620517151,0.0362734182107079,0.7997575549408128,"[-0.668860290140927, 0.43694656205171517, 0.03627341821070798]",-3.017026019571571e-06,8.224671411089242e-07,4.222765713522627e-05,4.234328666189248e-05,"[-3.017026019571571e-06, 8.224671411089242e-07, 4.222765713522627e-05]",2.032217137090173,0.0015106674608213,0.0019556637949684,0.0176085434450486,0.017781100621511,"[0.0015106674608213965, 0.001955663794968436, 0.01760854344504868]",14.16571369505121,[ 0.98488493 -0.44682316 -0.04618166],[-12.00272833   5.18796169   0.44223012],0.9232234659449876,0.0769199504799186,0.7997575549408128,4.234328666189248e-05,330.0,10786.843258927627,0.9920679052988614,-0.5237315060365338,0.3912901011443181,0.3118799801918849,0.7243422918160427,"[-0.5237315060365338, 0.39129010114431817, 0.31187998019188495]",-0.000137191834702,-0.0001969873246505,0.000163984165515,0.0002907170654116,"[-0.00013719183470203782, -0.0001969873246505784, 0.00016398416551501776]",,,,BHBH,BBH_SSphKS,13.7963867188,0.017649414255,4.18936169267e-05,0.9978423871570224,8.530481e-10,5.2482117e-09,-4.50314e-10,5.336122169471619e-09,"[8.530481e-10, 5.2482117e-09, -4.50314e-10]",-0.5452243684122406,0.4041049854392412,0.3322950206372884,0.7556390883932037,"[-0.5452243684122406, 0.4041049854392412, 0.3322950206372884]",0.9230769413779678,0.0769230676024079,12.000001691938154,-0.6396737796863513,0.4793680377493958,0.0316719432320568,0.7999871074098779,"[-0.6396737796863513, 0.4793680377493958, 0.0316719432320568]",-1.4187148688e-06,5.0579004e-08,-6.8771516897e-06,7.022145361479169e-06,"[-1.4187148688e-06, 5.0579004e-08, -6.8771516897e-06]",[ 1.06711502  0.01975039 -0.00912491],[-1.27292717e+01  1.97503857e-02 -9.12490737e-03],43.56736891283664,43.56736891283664,42.63286922536694,"['', 'v3.0']",[],2023-11-15 20:47:26,2024-01-10 07:54:52,2024-12-31 22:47:51,2025-02-04 21:00:14.238645,-10118.502514777543,0.0018428745602133102,3.1415926535897167,0.036021687404127964
